Kind,Url,Title,Description,Pinned
Devmate,http://devmate.net/2017/12/entity-framework-improve-query-performance-potential-problems/,"Entity Framework - improve query performance - potential problems","This the first post from series where I am going to describe ways to create more performant queries using an Entity Framework 6.",1
Devmate,http://devmate.net/2017/11/entity-framework-contains-on-empty-collection/,"Entity Framework - Contains() on empty collection.","SQL query that is generated when you make a contains on an empty collection",1
Devmate,http://devmate.net/2017/10/entity-framework-the-query-plan-cache-story/,"Entity Framework - the query plan cache story","Investigation of performance issues in an application with Entity Framework as data access technology.",1
.Net,https://blogs.msdn.microsoft.com/dotnet/2017/10/26/entity-framework-6-2-runtime-released/,"Entity Framework 6.2 Runtime Released","Entity Framework (EF) is Microsoft's traditional object/relational mapper (O/RM) for .NET Framework.",1
.Net,https://blogs.msdn.microsoft.com/dotnet/2017/08/14/announcing-entity-framework-core-2-0/,"Announcing Entity Framework Core 2.0","Entity Framework (EF) Core is the lightweight, extensible, and cross-platform version of Entity Framework, the popular Object/Relational Mapping (O/RM) framework for .NET.",1
.Net,https://blogs.msdn.microsoft.com/dotnet/2017/06/28/announcing-ef-core-2-0-preview-2/,"Announcing EF Core 2.0 Preview 2","EF Core follows the same release cycle as .NET Core but can be used in multiple .NET platforms, including .NET Core 2.0 and .NET Framework 4.6.1 or newer.",
.Net,https://blogs.msdn.microsoft.com/dotnet/2017/05/23/announcing-ef-6-2-beta-1/,"Announcing EF 6.2 beta 1","EF 6.2 is a new iteration of Microsoft's more traditional object/relational mapper for .NET Framework.",
.Net,https://blogs.msdn.microsoft.com/dotnet/2017/05/12/announcing-ef-core-2-0-preview-1/,"Announcing EF Core 2.0 Preview 1","EF Core follows the same release cycle as .NET Core but can be used in multiple .NET platforms, including .NET Core 2.0 and .NET Framework 4.6 or newer.",
.Net,https://blogs.msdn.microsoft.com/dotnet/2016/09/29/implementing-seeding-custom-conventions-and-interceptors-in-ef-core-1-0/,"Implementing Seeding, Custom Conventions and Interceptors in EF Core 1.0","Entity Framework Core (EF Core) is a lightweight and extensible version of the Entity Framework (EF) data access technology which is cross-platform and supports multiple database providers.",1
Dixin,https://weblogs.asp.net/dixin/entity-framework-core-and-linq-to-entities-1-remote-query,"Entity Framework/Core and LINQ to Entities (1) Remote Query","This chapter discusses a different kind of LINQ technology, LINQ to Entities, which queries relational data managed by databases.",1
Dixin,https://weblogs.asp.net/dixin/entity-framework-core-and-linq-to-entities-2-modeling-database-object-relational-mapping,"Entity Framework/Core and LINQ to Entities (2) Modeling Database: Object-Relational Mapping","Object-relational mapping is a popular technology to map and convert between application data objects and database relational data.",1
Dixin,https://weblogs.asp.net/dixin/entity-framework-core-and-linq-to-entities-3-logging-and-tracing-queries,"Entity Framework/Core and LINQ to Entities (3) Logging and Tracing Queries","To understand how EF/Core work with databases, it is important to uncover the actual underlying operations to the SQL database, which can be traced or logged in C# application side and in SQL database.",1
Dixin,https://weblogs.asp.net/dixin/entity-framework-core-and-linq-to-entities-4-query-methods,"Entity Framework/Core and LINQ to Entities (4) Query Methods (Operators)","This part discusses how to query SQL database with the defined mapping entities. In EF/Core, LINQ to Entities supports most of the methods provided by Queryable",
Dixin,https://weblogs.asp.net/dixin/entity-framework-core-and-linq-to-entities-5-query-translation-implementation,"Entity Framework/Core and LINQ to Entities (5) Query Translation Implementation","This part discusses how the translation is implemented. Regarding different database systems can have different query languages or different query APIs, EF/Core implement a provider model to work with different kinds of databases.",
Dixin,https://weblogs.asp.net/dixin/entity-framework-core-and-linq-to-entities-6-query-data-loading,"Entity Framework/Core and LINQ to Entities (6) Query Data Loading","After translated to SQL, in LINQ to Entities, sequence queries returning IQueryable implements deferred execution too.",
Dixin,https://weblogs.asp.net/dixin/entity-framework-core-and-linq-to-entities-7-data-changes-and-transactions,"Entity Framework/Core and LINQ to Entities (7) Data Changes and Transactions","Besides LINQ to Entities queries, EF/Core also provides rich APIs for data changes, with imperative paradigm.",
Dixin,https://weblogs.asp.net/dixin/entity-framework-core-and-linq-to-entities-8-optimistic-concurrency,"Entity Framework/Core and LINQ to Entities (8) Optimistic Concurrency","Conflicts can occur if the same data is read and changed concurrently. Generally, there are two concurrency control approaches, Pessimistic concurrency, and Optimistic concurrency.",
Dixin,https://weblogs.asp.net/dixin/entity-framework-core-and-linq-to-entities-9-performance,"Entity Framework/Core and LINQ to Entities (9) Performance","This part discusses some aspects that can impact the performance of EF/Core and LINQ to Entities,",
TonySneed,https://blog.tonysneed.com/2017/10/01/trackable-entities-for-ef-core/,"It's here! Trackable Entities for EF Core!"," Trackable Entities project track changes to an object graph as you update, add and remove items, then send those changes to a back-end service where they can be saved in a single transaction. ",1
TonySneed,https://blog.tonysneed.com/2014/08/01/ef-6-x-code-first-and-model-first-with-trackable-entities-2-1/,"EF 6.x Code-First and Model-First with Trackable Entities 2.1","The advantage of the consolidated designer is that you can pick and choose which tables you want, versus generating classes for all the tables in your database",1
TonySneed,https://blog.tonysneed.com/2014/05/28/real-world-mvvm-with-entity-framework-and-asp-net-web-api/,"Real-World MVVM with Entity Framework and ASP.NET Web API","I just completed a sample application using Simple MVVM Toolkit together with Trackable Entities to build a real-world N-Tier solution with a WPF client and portable POCO entities that are automatically change-tracked and sent to an ASP.NET Web API service that uses Entity Framework to perform asynchronous CRUD operations.",1
TonySneed,https://blog.tonysneed.com/2014/04/28/become-an-n-tier-ninja-with-trackable-entities-2-0/,"Become an N-Tier Ninja with Trackable Entities 2.0","Taking a cue from Julie Lerman and Scott Hanselman, I've decided to dub version 2.0 of my Trackable Entities framework, the Ninja Edition.",
TonySneed,https://blog.tonysneed.com/2014/02/20/trackable-entities-now-with-repository-and-unit-of-work/,"Trackable Entities - Now with Repository and Unit of Work","With inquires on the project discussion forum, and some prompting by my friend Long Le, who authored the Generic Unit of Work and Repository Framework, I decided to add support to my framework for using Repository and Unit of Work design patterns.",
TonySneed,https://blog.tonysneed.com/2013/11/18/trackable-entities-versus-self-tracking-entities/,"Trackable Entities versus Self-Tracking Entities","In this blog post I'd like to perform an in-depth comparison between my own Trackable Entities framework and the now deprecated Self-Tracking Entities, written by the Entity Framework team at Microsoft.",
TonySneed,https://blog.tonysneed.com/2013/11/17/api-improvements-in-trackable-entities-v1-01/,"API Improvements in Trackable Entities v1.01","I'd like to announce version 1.01 of Trackable Entities, which fixes a few issues and adds two methods to the API: AcceptChanges and MergeChanges",
TonySneed,https://blog.tonysneed.com/2013/11/05/trackable-entities-version-1-0-released/,"Trackable Entities Version 1.0 Released!","I am pleased to announce the release of Trackable Entities version 1.0 - with support for both WCF and ASP.NET Web API with Visual Studio 2012 and 2013!",
TonySneed,https://blog.tonysneed.com/2013/04/27/trackable-entities-n-tier-entity-framework/,"Trackable Entities: N-Tier Support for Entity Framework","Writing N-Tier apps can get complicated fast. Consider the assortment of n-tier technologies now consigned to the ash heap of history: WCF RIA Services, Self-Tracking Entities, and good old typed DataSets.",
TonySneed,https://blog.tonysneed.com/2010/04/21/webinar-n-tier-entity-framework-with-dtos/,"Webinar: N-Tier Entity Framework with DTOs","I recently delivered a free webinar for DevelopMentor on n-tier application development using Entity Framework 4.0.",
JetBrains,https://blog.jetbrains.com/dotnet/2017/08/09/running-entity-framework-core-commands-rider/,"Running Entity Framework (Core) commands in Rider","How can we run Entity Framework commands like adding migrations or updating the database, in Rider?",1
JetBrains,https://blog.jetbrains.com/dotnet/2013/01/08/webinar-when-hadi-met-julie-a-story-of-entity-framework-resharper-a-spaniard-and-the-data-farm-queen/,"Webinar - When Hadi Met Julie: A Story of Entity Framework, ReSharper, a Spaniard and The Data Farm Queen","When Hadi tried to create an Entity Framework app, he realized just how bad of a noob he really was (not surprising). He then decided to call on a favor to Julie, the Data Farm Queen.",1
Telerik,https://www.telerik.com/blogs/asp-net-ajax-controls-entity-framework-6,"Telerik ASP.NET AJAX Controls and Entity Framework 6 - Buttery Smoothness","Microsoft didn't provide support for the Entity Framework Data Source in ASP.NET when the updated Entity Framework 6 (EF6) framework released. In this article, Jeff Fritz shows you how Telerik is supporting the recently released EF6 support for ASP.NET web forms.",1
Telerik,https://www.telerik.com/blogs/using-entity-framework-with-telerik-reporting-and-report-designer-(obsolete),"Using Entity Framework with Telerik Reporting and Report Designer (OBSOLETE)","This article outlines how to use newer versions of Entity Framework (EF) with Telerik Reporting as well as the stand-alone Telerik Report Designer.",1
Telerik,https://www.telerik.com/blogs/connecting-telerik-reporting-to-sql-azure-via-entity-framework,"Connecting Telerik Reporting to SQL Azure via Entity Framework","In this blog post from the series we discussed how to connect Telerik Reporting to a SQL Azure database using Open Access ORM with the OpenAccessDataSource component.",1
Telerik,https://www.telerik.com/blogs/master-details-with-radgridview-for-silverlight-4-wcf-ria-services-rc2-and-entity-framework-4-0,"Master-Details with RadGridView for Silverlight 4, WCF RIA Services RC2 and Entity Framework 4.0","I have prepared a sample project with the Silverlight 4 version of RadGridView released yesterday. The sample project was created with Visual Studio 2010, WCF RIA Services RC 2 for Visual Studio 2010, and ADO.NET Entity Framework (.NET 4).",
Telerik,https://www.telerik.com/blogs/connecting-the-dots-ado-net-data-services-and-telerik-reporting,"Connecting the Dots: ADO.NET Data Services and Telerik Reporting","ADO.NET Data Services (formerly Astoria) is one of the new technologies released as part of v3.5 SP1 of the .NET Framework. If you haven't tried this new addition to the framework, I highly suggest you give it a spin. It's very cool and allows you to quickly and easily set up RESTful WCF services with which your application can interact with the database. ",
Telerik,https://www.telerik.com/blogs/two-new-radtips-episodes-radgrid-entity-framework-and-more,"Two New RadTips Episodes: RadGrid, Entity Framework, and More!","I'm happy to announce two new episode of RadTips, a series of screencasts offering tips and tricks for using Telerik's RadControls",
CSharpCorner,http://www.c-sharpcorner.com/blogs/verify-database-prior-to-data-insertion-using-ef,"Verify Database Prior To Data Insertion Using EF","This blogs talks about how to verify DB schema before doing insert operation via Entity Framework.",1
CSharpCorner,http://www.c-sharpcorner.com/blogs/logging-database-operations-to-file-in-entity-framework-6,"Logging Database Operations To File In Entity Framework 6","Here, you will learn how to log the database operation to files in Entity Framework 6",1
CSharpCorner,http://www.c-sharpcorner.com/blogs/how-to-validate-the-entity-framework-generated-database-connection-string-before-starting-an-application,"How To Validate The Entity Framework Generated Database Connection String Before Starting An Application","Here we going to discuss, how to validate the entity framework generated database connection string in c# before starting an application.",1
CSharpCorner,http://www.c-sharpcorner.com/blogs/access-stored-procedure-with-user-defined-data-type-using-entity-framework2,"Access Stored Procedure With User Defined Data Type Using Entity Framework","Accessing table value type in Entity Framework",
CSharpCorner,http://www.c-sharpcorner.com/blogs/entity-vs-model-vs-viewmodel-vs-datamodel,"Entity Vs Model Vs ViewModel Vs DataModel","Different people define Entity, Model, ViewModel and DataModel in different ways. However, these terms may sometimes differ from their actual meaning, based upon the context.",
CSharpCorner,http://www.c-sharpcorner.com/blogs/colored-entities-with-entityframework,"Colored Entities With EntityFramework","In this blog, we are going to see how to apply the colors for the entities in an Entity Framework.",
CSharpCorner,http://www.c-sharpcorner.com/blogs/generic-repository-pattern-with-webapi-and-entity-framework,"Generic Repository Pattern With Web-API And Entity Framework","Repository pattern represents Don't repeat yourself, So now, we will see how the code is avoided by repeating ourselves.",
CSharpCorner,http://www.c-sharpcorner.com/blogs/implement-database-first-approach-with-entity-framework,"Implement Database First Approach with Entity Framework","In this blog, we going to learn about the database first approach. If we want to perform business operations with the existing database",
CSharpCorner,http://www.c-sharpcorner.com/technologies/entityframework-blogs,"Code First Approach Using Entity Framework","In this blog, you will learn about Code First Approach, using Entity Framework.",
CSharpCorner,http://www.c-sharpcorner.com/blogs/overview-of-entity-framework,"Overview Of Entity Framework","In this blog, you will learn about Entity Framework.",
CSharpCorner,http://www.c-sharpcorner.com/blogs/how-to-create-web-api-using-entity-framework-with-linq-query-in-mvc-4-net,"Creating Web API Using Entity Framework With LINQ Query In MVC 4","In this blog I am showing how to create Web API using Entity Framework with LINQ Query in .NET MVC 4.",
OneUnicorn,https://blog.oneunicorn.com/2017/09/25/many-to-many-relationships-in-ef-core-2-0-part-4-a-more-general-abstraction/,"Many-to-many relationships in EF Core 2.0 - Part 4: A more general abstraction","In the last few posts we saw how to hide use of the join entity from two entities with a many-to-many relationship. This post doesn't add any additional functionality, it just abstracts some of what we saw so it can be re-used more easily.",
OneUnicorn,https://blog.oneunicorn.com/2017/09/25/many-to-many-relationships-in-ef-core-2-0-part-3-hiding-as-icollection/,"Many-to-many relationships in EF Core 2.0 - Part 3: Hiding as ICollection","In the previous post we ended up with entities that hide the join entity from the public surface. However, it was not possible to add or removed entities through this public surface. To enable this we need an ICollection implementation that acts as a true facade over the real join entity collection and delegates all responsibilities to that collection.",
OneUnicorn,https://blog.oneunicorn.com/2017/09/25/many-to-many-relationships-in-ef-core-2-0-part-2-hiding-as-ienumerable/,"Many-to-many relationships in EF Core 2.0 - Part 2: Hiding as IEnumerable ","In the previous post we looked at how many-to-many relationships can be mapped using a join entity. In this post we'll make the navigation properties to the join entity private so that they don't appear in the public surface of our entity types. ",
OneUnicorn,https://blog.oneunicorn.com/2017/09/25/many-to-many-relationships-in-ef-core-2-0-part-1-the-basics/,"Many-to-many relationships in EF Core 2.0 - Part 1: The basics ","As of EF Core 2.0, many-to-many relationships without an explicitly mapped join table are not supported. However, all is not lost. ",1
OneUnicorn,https://blog.oneunicorn.com/2016/11/17/add-attach-update-and-remove-methods-in-ef-core-1-1/,"Add, Attach, Update, and Remove methods in EF Core 1.1","EF Core provides a variety of ways to start tracking entities or change their state. This post gives a brief overview of the different approaches.",1
OneUnicorn,https://blog.oneunicorn.com/2016/11/17/ef-core-1-1-looking-at-your-model-in-the-debugger/,"EF Core 1.1: Looking at your model in the debugger","As developers on the EF team it is often useful to see what is in the metadata model. To facilitate this, the model and all other metadata elements are able to generate a debug view which provides lots of useful information about the metadata in a terse but human-readable form.",1
OneUnicorn,https://blog.oneunicorn.com/2016/11/16/notification-entities-in-ef-core-1-1/,"Notification entities in EF Core 1.1","By default, EF Core uses snapshot change tracking. However, if entity types implement INotifyPropertyChanged and optionally INotifyPropertyChanging, then EF can use these notifications to avoid the overhead of creating snapshots and detecting changes.",
OneUnicorn,https://blog.oneunicorn.com/2016/11/11/so-you-want-to-write-an-ef-core-provider/,"So you want to write an EF Core provider","Writing a database provider for EF Core can be daunting. I have written several posts over the last month containing information you need to know when writing a provider. This post pulls all that together to give an overview of the different building blocks with links to previous posts containing the details.",
OneUnicorn,https://blog.oneunicorn.com/2016/11/10/implementing-provider-extension-methods-in-ef-core-1-1/,"Implementing provider extension methods in EF Core 1.1","This post showed the extension methods used by providers to add provider-specific functionality to EF. This post describes how to implement those methods. This post is aimed at provider writers or those who may want to contribute to the EF Core source code.",
OneUnicorn,https://blog.oneunicorn.com/2016/11/09/internal-code-in-ef-core-1-1/,"Internal code in EF Core 1.1","There is very little code in EF Core that is truely internal. Instead, code that would traditionally have been internal has been made public but documented as internal. This post looks at what this means for application developers and how you can use this code responsibly.",
OneUnicorn,https://blog.oneunicorn.com/2016/11/09/ef-core-1-1-metadata-overview/,"EF Core 1.1 metadata overview","This post provides a high-level overview of metadata structure and APIs in EF Core 1.1. It covers the core metadata interfaces and shows how they are extended with particular focus on provider extensions.",
OneUnicorn,https://blog.oneunicorn.com/2016/11/03/implementing-a-provider-use-method-for-ef-core-1-1/,"Implementing a provider Use... method for EF Core 1.1","The previous post contained lots of information about how dependency injection works with database providers. This post adds more to the provider story by explaining how to implement a method like UseSqlServer that allows applications to select the provider to use.",
OneUnicorn,https://blog.oneunicorn.com/2016/11/01/ef-core-dependency-injection-internals/,"EF Core Dependency Injection Internals ","A previous post gave an overview of how dependency injection is used internally by EF Core, and how applications might interact with this. In this post we will look at some of the internal details. This post is aimed at provider writers and people who may want to contribute to the EF source code.",
OneUnicorn,https://blog.oneunicorn.com/2016/10/28/collection-navigation-properties-and-fields-in-ef-core-1-1/,"Collection navigation properties and fields in EF Core 1.1","There has recently been some confusion about what mappings are supported for collection navigation properties in EF Core. This post is an attempt to clear things up.",
OneUnicorn,https://blog.oneunicorn.com/2016/10/27/dependency-injection-in-ef-core-1-1/,"Dependency Injection in EF Core 1.1","EF Core can interact with dependency injection in two ways: a container can be used to create DbContext instances and EF uses a D.I. container internally for its own services",
OneUnicorn,https://blog.oneunicorn.com/2016/10/24/ef-core-1-1-creating-dbcontext-instances/,"EF Core 1.1 - Creating DbContext instances","This post describes the different ways to create and configure instances of DbContext in EF Core 1.1.",
OneUnicorn,https://blog.oneunicorn.com/2015/05/07/ef7-provider-building-blocks-2/,"EF7 Provider Building Blocks","In this post I'll outline the basic building blocks needed for an EF7 provider. The idea is not to show how everything should be implemented, but rather to show what pieces are needed and how they fit together.",
OneUnicorn,https://blog.oneunicorn.com/2014/02/15/ef-6-1-creating-indexes-with-indexattribute/,"EF 6.1: Creating indexes with IndexAttribute","Since EF 4.3 it has been possible to use CreateIndex and DropIndex in Code First Migrations to create and drop indexes. However this had to be done manually by editing the migration because the index was not included anywhere in the Code First model.",
OneUnicorn,https://blog.oneunicorn.com/2014/02/09/ef-6-1-turning-on-logging-without-recompiling/,"EF 6.1: Turning on logging without recompiling ","I already blogged about SQL logging in EF6. Part 3 of that series shows how to use EF with a logging framework such as NLog. If you do this then you can easily switch logging on and off using NLog or equivalent without any changes to the app.",
OneUnicorn,https://blog.oneunicorn.com/2013/05/14/ef6-sql-logging-part-3-interception-building-blocks/,"EF6 SQL Logging - Part 3: Interception building blocks","In parts 1 and 2 of this series we looked at how to use DbContext.Database.Log to log the SQL generated by EF. But this code is actually a relatively thin facade over some low-level building blocks for interception in general and, in this case, DbCommand interception in particular.",
OneUnicorn,https://blog.oneunicorn.com/2013/05/09/ef6-sql-logging-part-2-changing-the-contentformatting/,"EF6 SQL Logging - Part 2: Changing the content/formatting","In part 1 we saw how DbContext.Database.Log can be used to easily log SQL to the console or some other TextWriter. This post covers how the context and formatting of the output can be changed.",
OneUnicorn,https://blog.oneunicorn.com/2013/05/08/ef6-sql-logging-part-1-simple-logging/,"EF6 SQL Logging - Part 1: Simple Logging","On the EF team we made a late decision to add some support for interception and logging of generated SQL in EF6.",
OneUnicorn,https://blog.oneunicorn.com/2013/03/11/ef6-nested-types-and-more-for-code-first/,"EF6: Nested types and more for Code First","Ever since POCO support was introduced in EF4 there have been two limiting restrictions on the types that can be mapped",
OneUnicorn,https://blog.oneunicorn.com/2012/10/05/ef-enums-and-spatial-types-on-net-4/,"EF enums and spatial types on .NET 4","In EF5 some features (such as enums and spatial types) are only available when targeting .NET 4.5. This is because EF5 relies on core EF libraries in the .NET Framework. With EF6 this changes because the core EF code is now included in EntityFramework.dll and recent commits to the code make all EF features (except async) available on .NET 4.",
OneUnicorn,https://blog.oneunicorn.com/2012/10/01/ef6-extensibility-and-configuration/,"EF6 Extensibility and Configuration","The idea is that people who are interested in where EF is going can read posts like this and provide feedback on the direction, design, and implementation. Providing this kind of feedback is an important way to contribute to EF without even having to write any code.",
OneUnicorn,https://blog.oneunicorn.com/2012/07/19/so-you-want-to-contribute-to-ef-part-4-developer-experience/,"So you want to contribute to EF? Part 4: Developer experience","This is the fourth part of a series providing some background to those who may want make contributes to the Entity Framework. In this post I'll talk a bit about maintaining a good experience for the developers who use EF.",
OneUnicorn,https://blog.oneunicorn.com/2012/07/19/so-you-want-to-contribute-to-ef-part-3-testing/,"So you want to contribute to EF? Part 3: Testing","This is the third part of a series providing some background to those who may want make contributes to the Entity Framework. This post will cover the types of tests that at exist and expectations around writing new tests.",
OneUnicorn,https://blog.oneunicorn.com/2012/07/19/so-you-want-to-contribute-to-ef-part-2-the-code/,"So you want to contribute to EF? Part 2: The code","This is the second part of a series providing some background to those who may want make contributes to the Entity Framework. This post will cover the high-level organization of the code describing the assemblies created and some of the namespaces used.",
OneUnicorn,https://blog.oneunicorn.com/2012/07/19/so-you-want-to-contribute-to-ef-part-1-introduction/,"So you want to contribute to EF? Part 1: Introduction","As you have probably heard the Entity Framework source code is now available under an open source license. This means that the EF team are ready and excited to take your contributions.",
OneUnicorn,https://blog.oneunicorn.com/2012/07/19/why-open-sourcing-entity-framework-is-a-great-move/,"Why open sourcing Entity Framework is a great move","You have likely heard by now that the Entity Framework source code has been released under an open source license. I'm a developer on the EF team and I'd like to give you my perspective on this.",
OneUnicorn,https://blog.oneunicorn.com/2012/06/02/deleting-orphans-with-entity-framework/,"Deleting orphans with Entity Framework","A  required relationship means that the child cannot exist without a parent, and if the parent is deleted or the relationship between the child and the parent is severed, then the child becomes orphaned. In such situations it is often useful to have the orphaned child automatically deleted.",
OneUnicorn,https://blog.oneunicorn.com/2012/05/03/the-key-to-addorupdate/,"The key to AddOrUpdate","The DbSet.Find method provides an easy way to lookup an entity given its primary key. One place this can be useful is in an AddOrUpdate method when loading an entity which can then be updated with values from another application tier",
OneUnicorn,https://blog.oneunicorn.com/2012/04/22/code-first-model-builder-versions/,"Code First model builder versions","Code First's convention-based approach to building a model has some interesting implications for breaking changes between different versions of EF. This post describes those implications and shows how model builder versions can be used to deal with potential breaking changes while still retaining a forward-moving developer experience.",
OneUnicorn,https://blog.oneunicorn.com/2012/04/21/code-first-building-blocks/,"Code First Building Blocks","There are plenty of examples out there showing how to use DbContext to create a Code First model. But DbContext itself uses some fundamental Code First building blocks to do its stuff. This post shows how these building blocks can be used directly, which can be useful in situations where you need more control over how the model is created or cached.",
OneUnicorn,https://blog.oneunicorn.com/2012/03/26/code-first-data-annotations-on-non-public-properties/,"Code First Data Annotations on non-public properties","The Entity Framework supports mapping to public, protected, internal, and private properties. However, there are a few restrictions when mapping to non-public properties. and there are also some things you need to know when attempting to configure such mappings using Code First.",
OneUnicorn,https://blog.oneunicorn.com/2012/03/24/ef5-rejecting-changes-to-a-single-property/,"EF5: Rejecting changes to a single property","There is one little feature you may not have heard about the ability to reject changes to an individual property. That is, to reset the IsModified flag of a property such that the value of that property will not be sent to the database.",
OneUnicorn,https://blog.oneunicorn.com/2012/03/13/secrets-of-detectchanges-part-4-binary-properties-and-complex-types/,"Secrets of DetectChanges Part 4: Binary properties and complex types","In this post we're going to look at some corner cases around complex types and binary properties. While these are corner cases its still worth knowing about them so they don't catch you out if you ever run into them.",
OneUnicorn,https://blog.oneunicorn.com/2012/03/12/secrets-of-detectchanges-part-3-switching-off-automatic-detectchanges/,"Secrets of DetectChanges Part 3: Switching off automatic DetectChanges","In this part we'll look at how automatic calls to DetectChanges can be switched off and what you then need to do differently in your code.",
OneUnicorn,https://blog.oneunicorn.com/2012/03/11/secrets-of-detectchanges-part-2-when-is-detectchanges-called-automatically/,"Secrets of DetectChanges Part 2: When is DetectChanges called automatically?","This part will expand on that information and look at when it is important for the context to know about these changes. This will provide the basis for detailing when the context calls DetectChanges automatically.",
OneUnicorn,https://blog.oneunicorn.com/2012/03/10/secrets-of-detectchanges-part-1-what-does-detectchanges-do/,"Secrets of DetectChanges Part 1: What does DetectChanges do?","Entity Framework change tracking is often something that doesn't require too much thought from the app developer. However, change tracking and the DetectChanges method are a part of the stack where there is a tension between ease-of-use and performance.",
OneUnicorn,https://blog.oneunicorn.com/2012/02/27/code-first-migrations-making-__migrationhistory-not-a-system-table/,"Code First Migrations: Making __MigrationHistory not a system table","Code First Migrations uses a table called __MigrationHistory as a place to store metadata about the migrations that have been applied to the database. Code First creates this table when it creates a database or when migrations are enabled.",
OneUnicorn,https://blog.oneunicorn.com/2012/02/26/dont-use-code-first-by-mistake/,"Don't use Code First by mistake","EF Code First is great and I use it all the time, even when mapping to existing databases. However, if your intention is to use a Database First flow, then it's important that you don't start to use Code First unintentionally.",
OneUnicorn,https://blog.oneunicorn.com/2012/02/11/why-entity-framework-is-releasing-on-nuget-only/,"Why Entity Framework is releasing on NuGet only","EF 4.2 and 4.3 were released via NuGet only and there are no MSI installers. The up-coming EF 5.0 release will continue this pattern. But why NuGet and why only NuGet? It's not because NuGet is awesome, even though it is, or because it's the hot new thing, even though it is. It's because it is a great match for delivering the EF runtime.",
OneUnicorn,https://blog.oneunicorn.com/2012/01/13/ef-4-3-beta-1-what-happened-to-that-edmmetadata-table/,"EF 4.3 Beta 1: What happened to that EdmMetadata table?","EF 4.3 Beta1 integrates Code First Migrations into the EntityFramework NuGet package. Part of this integration means that databases created with Code First no longer include the EdmMetadata table. The databases are instead setup to work directly with Migrations making it easy to migrate the database in the future even if this need is not anticipated when the database is first created.",
OneUnicorn,https://blog.oneunicorn.com/2011/12/11/whats-the-deal-with-mapping-foreign-keys-using-the-entity-framework/,"What's the deal with mapping foreign keys using the Entity Framework?","Since EF4 it has been possible to map foreign key columns to properties of entity classes. But is it really a good idea to do this? In this post I'll explain the reasons for keeping foreign keys out of your object model and contrast that with how mapping foreign keys may make your life easier.",
OneUnicorn,https://blog.oneunicorn.com/2011/12/05/should-you-use-entity-framework-change-tracking-proxies/,"Should you use Entity Framework change-tracking proxies?","So when should you use change-tracking proxies? To answer that let's take a closer look at the advantages and disadvantages of change-tracking proxies over other types of POCO entities.",
OneUnicorn,https://blog.oneunicorn.com/2011/12/05/entity-types-supported-by-the-entity-framework/,"Entity types supported by the Entity Framework","I was going to write a post about when to use change-tracking proxies. But I then thought before doing that it would be useful to go over all the different types of classes that the Entity Framework supports, of which change-tracking proxies is one.",
OneUnicorn,https://blog.oneunicorn.com/2011/11/24/why-are-the-dbcontext-t4-templates-so-different-from-the-ef4-poco-templates/,"Why are the DbContext T4 templates so different from the EF4 POCO templates?","The most obvious difference is that the DbContext templates use DbContext while the EF4 POCO templates use ObjectContext. But beyond that, the POCO templates have a lot of code that attempts to do fixup of properties and relationships even when the entity is not attached to the context. The DbContext templates have none of this code.",
OneUnicorn,https://blog.oneunicorn.com/2011/04/19/ef-4-1-quick-tip-addattach-returns-your-entity/,"EF 4.1 Quick Tip: Add/Attach Returns Your Entity","We did a few things in EF 4.1 that were not at all ground-breaking or cool or anything like that, but were intended only to make programming a little bit more pleasant. One of those was making the Add and Attach methods return a reference to the added or attached entity.",
OneUnicorn,https://blog.oneunicorn.com/2011/04/15/code-first-inside-dbcontext-initialization/,"Code First: Inside DbContext Initialization","A lot of stuff happens when you use a DbContext instance for the first time. Most of the time you don't worry about this stuff, but sometimes it's useful to know what's happening under the hood. And even if it's not useful, it's hopefully interesting for its geek value alone.",
OneUnicorn,https://blog.oneunicorn.com/2011/03/29/lazycountcollection-with-better-performance/,"LazyCountCollection with Better Performance","In my previous two posts I showed how to implement an extra-lazy Count property using EF 4.1. However, the code required that a lot of .NET Reflection happen for every entity returned by a query. The real-world performance impact of this can vary greatly, but for an application that queries for a lot of entities it could be significant.",
OneUnicorn,https://blog.oneunicorn.com/2011/03/28/extra-lazy-collection-count-with-ef-4-1-part-2/,"Extra-Lazy Collection Count with EF 4.1 (Part 2)","In part 1 we setup all the infrastructure for implementing an extra-lazy Count property with EF 4.1, now let's actually use it!",
OneUnicorn,https://blog.oneunicorn.com/2011/03/28/extra-lazy-collection-count-with-ef-4-1-part-1/,"Extra-Lazy Collection Count with EF 4.1 (Part 1)","Lazy loading of collections is the process whereby a collection of entities is automatically loaded from the database the first time that the collection property referring to the entities is accessed.",
MitchelSellers,https://mitchelsellers.com/blogs/2017/10/17/confronting-your-entity-framework-performance-fears,"Confronting Your Entity Framework Performance Fears","The most common thing I hear from developers that haven't worked with Entity Framework is that it performs slowly on large sets of data. Although I have heard this numerous times, in reality, it has never turned out to be an Entity Framework issue, but more of an education/adoption issue and simple coding style changes resolve the issues.",1
MitchelSellers,https://mitchelsellers.com/blogs/2017/08/25/entity-framework-core-complex-projects,"Entity Framework Core & Complex Projects","For those migrating to Entity Framework Core (EFCore) the online documentation is very helpful for the most basic of projects. However, as you work to create more complex applications, things can get more complicated.",1
MitchelSellers,https://mitchelsellers.com/blogs/2017/01/25/using-entity-framework-with-legacy-databases,"Using Entity Framework with Legacy Databases"," I have worked with many people that have thought we have a legacy database setup, we can't use entity framework or we cannot use migrations, so we can't use code first. Both are very common misconceptions, but something that isn't the case. ",1
MitchelSellers,https://mitchelsellers.com/blogs/2015/10/08/handing-namespace-and-class-changes-in-entity-framework,"Handing Namespace and Class Changes in Entity Framework","Entity Framework is an amazing set of tooling that helps to manage data access in an efficient manner, however, it seems that when things start to go funny it can be a major time-suck.",
eCanarys,https://www.ecanarys.com/Blogs/ArticleID/230/ASP-NET-Audit-Trail-Implementation-using-Entity-Framework,"ASP.NET: Audit Trail Implementation using Entity Framework","When you are working with certain projects which involves the Customer records, you might need to track of each and every addition/change made to system along with who create, modify and delete the records.",1
eCanarys,https://www.ecanarys.com/Blogs/ArticleID/228/Entity-Framework-CodeFirst-Approach,"Entity Framework CodeFirst Approach","Entity Framework is an enhancement to an existing ADO.Net technique and ORM framework we used for Microsoft technologies.",1
eCanarys,https://www.ecanarys.com/Blogs/ArticleID/102/Entity-Framework-Code-First,"Entity Framework Code First","In Code First approach, you avoid working with visual model designer (EDMX) completely. You write your POCO classes first and then create database from these POCO classes.",1
General,https://blogs.sentryone.com/jasonhall/using-plan-explorer-entity-framework/,"Using Plan Explorer with Entity Framework","Entity Framework, just like other ORMs, takes your application code and magically turns it into T-SQL. The problem, as any good DBA will tell you, is that the magic comes at a cost: you can end up with a query that doesn't perform well and is difficult to tune due to poor readability of the actual T-SQL code.",1
General,https://blog.xamarin.com/building-android-apps-with-entity-framework/,"Building Android Apps with Entity Framework","Data is a big part of any application development and mobile apps are no exception; the way we handle data as developers is one of the many important decisions we must make for our mobile apps. From key-value stores to SQLite, there are many options available, but one that .NET developers are often especially familiar with is the Entity Framework.",1
General,http://thedatafarm.com/data-access/the-secret-to-running-ef-core-2-0-migrations-from-a-net-core-or-net-standard-class-library/,"The Secret to Running EF Core 2.0 Migrations from a NET Core or NET Standard Class Library","With EF6 it was possible to use migrations from a class library with no exe project in sight. EF Core migrations can run from a .NET Framework or .NET Core project but not .NET Standard. It needs a runtime.",1
General,https://www.cardinalsolutions.com/blog/2017/01/fundamentals_entity_framework,"Fundamentals: Entity Framework","Microsoft's Entity Framework (EF) is a powerful Object-Relational Mapper (ORM) that boosts developer productivity by automating much of the work associated with designing and interfacing with an application database.",
General,http://www.mukeshkumar.net/articles/entityframework/add-a-primary-and-foreign-key-relationship-with-code-first-approach-in-entity-framework,"Add a Primary and Foreign Key Relationship with Code First approach in Entity Framework","This article will demonstrate how to implement primary key and foreign key relationship in Code First approach in Entity Framework.",
General,https://stormpath.com/blog/tutorial-entity-framework-core-in-memory-database-asp-net-core,"Tutorial: Using Entity Framework Core as an In-Memory Database for ASP.NET Core","One of the most exciting features in the new version of Entity Framework (Entity Framework Core 1.0) is the addition of an in-memory data provider. This makes it possible to prototype applications and write tests without having to set up a local or external database.",
General,http://blog.karbyn.com/articles/getting-started-with-entity-framework-7/,"Getting started with Entity Framework 7","I am sure that most of you have heard about the new version of the Microsoft .NET framework.  Version 5 of .NET is a huge leap forward for many reasons, the most significant being completely open sourcing the core of .NET and first-class support for non-Windows environments such as OSX and Linux.",
General,https://www.illucit.com/blog/2016/02/asp-net-5-with-entity-framework-7/,"ASP .NET 5 with Entity Framework 7","Older versions of the Entity Framework need a full .NET runtime in order to work. If at some point you want to use the new .NET 5 Core e.g. to run your application on Linux etc., you should use Entity Framework 7.",
General,https://www.illucit.com/blog/tag/entity-framework-7/,"ASP .NET 5 Identity with Entity Framework 7 Setup","In this article we will demonstrate how to provide authentication to ASP .NET 5 applications using ASP .NET Identity with Entity Framework 7.",
General,https://blog.tallan.com/2016/05/17/entity-framework-7-migrations-and-source-control/,"Entity Framework 7 Migrations and Source Control","When I first came across migrations in Entity Framework 6 I thought it was a fantastic way to track data model changes in a project.  This thought lasted until my team started to share and sync these migrations through source control.",
General,https://www.jerriepelser.com/blog/moving-entity-framework-7-models-to-external-project/,"Moving your Entity Framework 7 models to an external project","I like to keep my Entity Framework data context and models in a separate project from my main ASP.NET application, so I can easily share it amongst other projects in the solution.",
General,https://dotnetthoughts.net/entity-framework-7-code-first-migrations/,"Entity Framework 7 Code First Migrations","This post is about Entity Framework 7 Code First Migrations. Code First Migrations is a Entity Framework feature which helps to apply database schema changes without re-creating the whole database.",
General,https://www.intertech.com/Blog/exploring-entity-framework-core-1-0/,"Exploring Entity Framework Core 1.0","It's been an exciting world working with the latest Microsoft .NET technologies. First, .NET Core 1.0 was officially released, a lightweight multi-platform programming framework that has shown to be versatile for deployment. ",
GilFink,http://blogs.microsoft.co.il/gilf/2008/04/10/getting-started-with-entity-framework/,"Getting Started With Entity Framework","In this post and on the following I'm going to write about the ADO.NET Entity Framework. To those who wait for the design pattern posts, I'm going to continue writing about design patterns as well.",1
GilFink,http://blogs.microsoft.co.il/gilf/2008/04/18/entity-data-model-edm-in-entity-framework/,"Entity Data Model (EDM) In Entity Framework","In the last post about entity framework I wrote an introduction about the framework. Today I'm going to dive into the heart of the framework, i.e. the entity data model (EDM).",1
GilFink,http://blogs.microsoft.co.il/blogs/gilf/archive/2008/04/26/schema-definitions-edm-entity-framework.aspx,"Schema Definitions Of EDM In Entity Framework","In this post, I'm going to explain a little about the bits and bites of the new XML schema types which describe the models.",1
GilFink,http://blogs.microsoft.co.il/gilf/2008/05/03/entity-data-model-designer/,"Entity Data Model Designer","In my previous posts I explained how to get started with the entity framework. In this post, I'm going to explain how to use the entity data model designer.",
GilFink,http://blogs.microsoft.co.il/blogs/gilf/archive/2008/05/14/how-why-use-definingquery-element.aspx,"How And Why To Use DefiningQuery Element","In this post, I'm going to show how to do things that the designer isn't able to perform (for the ADO.NET's team notice). You should be familiar with the EDM XML schema types and the general elements before you start to read this post.",
GilFink,http://blogs.microsoft.co.il/gilf/2009/02/06/totracestring-method-in-entity-framework/,"ToTraceString Method in Entity Framework","In this post I'm going to introduce the ToTraceString method which enables us to view the generated T-SQL statement of a specific query we execute in Entity Framework.",
GilFink,http://blogs.microsoft.co.il/gilf/2009/02/20/disabling-change-tracking-in-entity-framework/,"Disabling Change Tracking in Entity Framework","Entity Framework came along with a very helpful change tracking system. But with great power comes great responsibility. The responsibility of the developers is to make sure that the change tracking option will not be responsible to bad performance.",
GilFink,http://blogs.microsoft.co.il/gilf/2009/03/06/entity-splitting-in-entity-framework/,"Entity Splitting in Entity Framework","One of the mapping scenarios that I talked about in the session at WDC this week but I didn't show an example is entity splitting in Entity Framework. This post will explain what is entity splitting and how to implement this mapping scenario in Entity Framework.",
GilFink,http://blogs.microsoft.co.il/gilf/2009/03/06/mapping-stored-procedures-to-objectcontext-methods/,"Mapping Stored Procedures to ObjectContext Methods","In this post, I'll show a simple scenario of how to map stored procedures to ObjectContext methods in Entity Framework. ",
GilFink,http://blogs.microsoft.co.il/gilf/2009/03/07/adding-many-to-many-relationship-between-entities/,"Adding Many to Many Relationship between Entities","A friend of mine asked me this week a question regarding link tables in Entity Framework. In their system they have a link table of many to many relationship between more then two tables.",
GilFink,http://blogs.microsoft.co.il/gilf/2009/03/12/queryview-element-in-entity-framework/,"QueryView Element in Entity Framework","In a very old post that I wrote I explained what is the DefiningQuery element and how to use it. In this post I'm going to explain what is the QueryView element, how to use it and the difference between using a DefiningQuery and using a QueryView.",
GilFink,http://blogs.microsoft.co.il/gilf/2009/03/13/mapping-stored-procedure-results-to-a-custom-entity-in-entity-framework/,"Mapping Stored Procedure Results to a Custom Entity in Entity Framework","In the post I'm going to explain how to map results of a stored procedure to a custom created entity which we have created with the Entity Framework designer.",
GilFink,http://blogs.microsoft.co.il/gilf/2009/04/02/creating-complex-types-in-entity-framework/,"Creating Complex Types in Entity Framework","The following post will explain what are complex types in Entity Framework and how to use them.",
GilFink,http://blogs.microsoft.co.il/gilf/2009/04/03/supporting-stored-procedures-that-return-primitive-types-in-entity-framework/,"Supporting Stored Procedures that Return Primitive Types in Entity Framework","One drawback of Entity Framework designer is that it does not generate code in the object context for function imports of stored procedures that return a primitive type. This post will explain how to achieve this functionality up until the designer will support it in the next release of Entity Framework.",
GilFink,http://blogs.microsoft.co.il/gilf/2009/10/13/table-splitting-in-entity-framework/,"Table Splitting in Entity Framework","Entity Framework include a lot of ways to customize the Entity Data Model. One such way is Table Splitting which enables to map multiple entity types to a single table. This post will show how we can achieve this ability.",
GilFink,http://blogs.microsoft.co.il/gilf/2009/10/20/calling-user-defined-functions-udfs-in-entity-framework/,"Calling User-Defined Functions (UDFs) in Entity Framework","In this post I'm going to show you how to Call User-Defined Functions (UDFs) in Entity Framework",
GilFink,http://blogs.microsoft.co.il/gilf/2010/01/01/defining-custom-functions-in-entity-framework/,"Defining Custom Functions in Entity Framework","In this post, I'm going to show you how to define a custom function in EF.",
GilFink,http://blogs.microsoft.co.il/gilf/2010/01/20/using-repository-pattern-with-entity-framework/,"Using Repository Pattern with Entity Framework","In the post I'll show how you can use the Repository Pattern in order to make an abstraction layer on top of Entity Framework.",
GilFink,http://blogs.microsoft.co.il/gilf/2010/01/20/entity-framework-inheritance-types/,"Entity Framework Inheritance Types","In this post, I'm going to explain the main three inheritance ways that you can use with EF. These ways are supported in other ORMs as well.",
GilFink,http://blogs.microsoft.co.il/gilf/2010/01/22/table-per-type-inheritance-in-entity-framework/,"Table Per Type Inheritance in Entity Framework","The first inheritanceTable Per Type Inheritance in Entity Framework mapping I'm going to show is called Table Per Type or TPT.",
GilFink,http://blogs.microsoft.co.il/gilf/2010/01/24/table-per-hierarchy-inheritance-in-entity-framework/,"Table Per Hierarchy Inheritance in Entity Framework","In the second inheritance mappings tutorials I'm going to write about the Table Per Hierarchy (TPH) inheritance mapping.",
GilFink,http://blogs.microsoft.co.il/gilf/2010/01/25/table-per-concrete-type-inheritance-in-entity-framework/,"Table Per Concrete Type Inheritance in Entity Framework","The last inheritance mapping that I'm going to write about is the Table Per Concrete Type inheritance (TPC). This inheritance type is very rare but you should be aware of how to create it when it is needed.",
GilFink,http://blogs.microsoft.co.il/gilf/2010/03/01/compiledquery-in-entity-framework/,"CompiledQuery in Entity Framework","If we want to reduce the cost of executing a query in Entity Framework we can use a CompiledQuery to the rescue.",
GilFink,http://blogs.microsoft.co.il/gilf/2010/06/15/using-conditional-mapping-in-entity-framework/,"Using Conditional Mapping in Entity Framework","There are times that we want to retrieve only a portion of data from a table in the database permanently by some filter.",
GilFink,http://blogs.microsoft.co.il/gilf/2010/06/21/revisiting-the-repository-and-unit-of-work-patterns-with-entity-framework/,"Revisiting the Repository and Unit of Work Patterns with Entity Framework","In this post, I'll show you a better and less naive solution for imposing the Unit of Work and the Repository patterns with Entity Framework.",
GilFink,http://blogs.microsoft.co.il/gilf/2010/06/22/eager-loading-with-repository-pattern-and-entity-framework/,"Eager Loading with Repository Pattern and Entity Framework","In this post, I'll show you how to include the eager loading ability of Entity Framework.",
PrashantBrall,https://prashantbrall.wordpress.com/2010/09/16/poco-and-entity-framework/,"POCO and Entity Framework","I have been playing around with Entity Framework 4 and was intrigued by the POCO support in it, as the new version is CTP 4.0 and we might be approaching the RTM version soon so I thought i will collate my experiences and gotchas on how to use them.",1
PrashantBrall,https://prashantbrall.wordpress.com/2011/03/15/poco-and-entity-frameworkusing-complex-types/,"POCO and Entity Framework:Using Complex Types","I will update my code from the previous post with CTP 5 changes and will introduce some real life project scenarios as well.",1
PrashantBrall,https://prashantbrall.wordpress.com/2011/03/23/ef-code-first-managing-relationships/,"EF Code First: Managing relationships","In this post I will show how easy it is to manage relationships between entities using the EF Code first approach. I think this is one of the reasons I really like EF Code first as it makes things so simple and easy.",1
PrashantBrall,https://prashantbrall.wordpress.com/2011/04/06/ef-code-first-table-per-type/,"EF Code First: Table Per Hierarchy","In this post, I am going to show you how to use Table Per Hierarchy relationship with Code First Approach.",
PrashantBrall,https://prashantbrall.wordpress.com/2011/04/11/ef-code-first-table-per-type-2/,"EF Code First: Table Per Type","In this post I am going to show you another type of mapping inheritance relationship which is called Table Per Type and it is quite similar to the Table Per hierarchy from the last post.",
PrashantBrall,https://prashantbrall.wordpress.com/2011/04/20/ef-code-firsttips-tricks/,"EF Code First:Tips & Tricks","In this post I am going to show you some small tips & tricks about EF Code First which are quite useful.",
PrashantBrall,https://prashantbrall.wordpress.com/2011/05/01/ef-code-first-many-to-many-self-referencing-relationship/,"EF Code First: Many to Many Self referencing relationship","In this post I am going to show you how to map a self referencing many to many relationships as it's a very interesting scenario.",
PrashantBrall,https://prashantbrall.wordpress.com/2011/05/05/ef-code-firstrunning-sql-scripts/,"EF Code First:Running SQL scripts","In this post I am going to show you how to run SQL scripts in Entity Framework 4.1 as we have seen that it's quite easy to define our database entities using the DBSet and all the relationship using the EntityTypeConfiguration class.",
PrashantBrall,https://prashantbrall.wordpress.com/2011/05/10/ef-code-firstexecuting-stored-procedure/,"EF Code First:Executing Stored Procedure","In this post I am going to show you how to use stored procedure with Entity Framework 4.1 even though it is official that Entity Framework 4.1 doesn't support stored procedure and this was announced by the ADO.NET team at the time of the release.",
PrashantBrall,https://prashantbrall.wordpress.com/2012/07/16/entity-framework-viewing-sql/,"Entity Framework: Viewing SQL","In this post I am going to show you a cool trick I learned regarding ObjectQuery class and how it can be useful when working with Entity Framework.",
PrashantBrall,https://prashantbrall.wordpress.com/2012/08/30/getting-started-with-entity-farmework-5/,"Getting Started with Entity Framework 5","I finally took the plunge and installed Visual Studio 2012 and Entity Framework 5.Before I delve into any EF 5 code a few things I want to clarify about it.",
PrashantBrall,https://prashantbrall.wordpress.com/2015/08/31/entity-framework-7-in-memory-testing/,"Entity Framework 7: In Memory Testing","I am really excited about the in-memory testing feature of Entity Framework 7 as testing in the previous versions of Entity Framework wasn't straightforward and painful at times.",
PrashantBrall,https://prashantbrall.wordpress.com/2015/09/30/entity-splitting-in-entity-framework/,"Entity Splitting in Entity Framework","I have done a lot of post on Entity Framework Code First which includes some simple tips and tricks to more complex scenarios of mapping relationship and here are some of those post if you want to read them.",
PrashantBrall,https://prashantbrall.wordpress.com/2015/10/15/table-splitting-in-entity-framework/,"Table Splitting in Entity Framework","In my previous post I covered the Entity Splitting technique and in this post I am going to talk about just the opposite of that technique.",
